{"version":"1.4.0","project":{"name":"Practical10_f4dd477a3a","directory":"/Users/thinza/Documents/Acd/Year2/FP/Labsheets/Practical10/.scala-build","workspaceDir":"/Users/thinza/Documents/Acd/Year2/FP/Labsheets/Practical10","sources":["/Users/thinza/Documents/Acd/Year2/FP/Labsheets/Practical10/1,2.scala","/Users/thinza/Documents/Acd/Year2/FP/Labsheets/Practical10/3.scala","/Users/thinza/Documents/Acd/Year2/FP/Labsheets/Practical10/4.scala","/Users/thinza/Documents/Acd/Year2/FP/Labsheets/Practical10/5.scala","/Users/thinza/Documents/Acd/Year2/FP/Labsheets/Practical10/Main.scala"],"dependencies":[],"classpath":["/Users/thinza/Library/Caches/Coursier/v1/https/repo1.maven.org/maven2/org/scala-lang/scala3-library_3/3.4.2/scala3-library_3-3.4.2.jar","/Users/thinza/Library/Caches/Coursier/v1/https/repo1.maven.org/maven2/org/scala-lang/scala-library/2.13.12/scala-library-2.13.12.jar","/Users/thinza/Library/Caches/Coursier/v1/https/repo1.maven.org/maven2/com/sourcegraph/semanticdb-javac/0.10.0/semanticdb-javac-0.10.0.jar"],"out":"/Users/thinza/Documents/Acd/Year2/FP/Labsheets/Practical10/.scala-build/.bloop/Practical10_f4dd477a3a","classesDir":"/Users/thinza/Documents/Acd/Year2/FP/Labsheets/Practical10/.scala-build/Practical10_f4dd477a3a/classes/main","scala":{"organization":"org.scala-lang","name":"scala-compiler","version":"3.4.2","options":["-Xsemanticdb","-sourceroot","/Users/thinza/Documents/Acd/Year2/FP/Labsheets/Practical10"],"jars":["/Users/thinza/Library/Caches/Coursier/v1/https/repo1.maven.org/maven2/org/scala-lang/scala3-compiler_3/3.4.2/scala3-compiler_3-3.4.2.jar","/Users/thinza/Library/Caches/Coursier/v1/https/repo1.maven.org/maven2/org/scala-lang/scala3-interfaces/3.4.2/scala3-interfaces-3.4.2.jar","/Users/thinza/Library/Caches/Coursier/v1/https/repo1.maven.org/maven2/org/scala-lang/scala3-library_3/3.4.2/scala3-library_3-3.4.2.jar","/Users/thinza/Library/Caches/Coursier/v1/https/repo1.maven.org/maven2/org/scala-lang/tasty-core_3/3.4.2/tasty-core_3-3.4.2.jar","/Users/thinza/Library/Caches/Coursier/v1/https/repo1.maven.org/maven2/org/scala-lang/modules/scala-asm/9.6.0-scala-1/scala-asm-9.6.0-scala-1.jar","/Users/thinza/Library/Caches/Coursier/v1/https/repo1.maven.org/maven2/org/scala-sbt/compiler-interface/1.9.6/compiler-interface-1.9.6.jar","/Users/thinza/Library/Caches/Coursier/v1/https/repo1.maven.org/maven2/org/jline/jline-reader/3.25.1/jline-reader-3.25.1.jar","/Users/thinza/Library/Caches/Coursier/v1/https/repo1.maven.org/maven2/org/jline/jline-terminal/3.25.1/jline-terminal-3.25.1.jar","/Users/thinza/Library/Caches/Coursier/v1/https/repo1.maven.org/maven2/org/jline/jline-terminal-jna/3.25.1/jline-terminal-jna-3.25.1.jar","/Users/thinza/Library/Caches/Coursier/v1/https/repo1.maven.org/maven2/org/scala-lang/scala-library/2.13.12/scala-library-2.13.12.jar","/Users/thinza/Library/Caches/Coursier/v1/https/repo1.maven.org/maven2/org/scala-sbt/util-interface/1.9.8/util-interface-1.9.8.jar","/Users/thinza/Library/Caches/Coursier/v1/https/repo1.maven.org/maven2/org/jline/jline-native/3.25.1/jline-native-3.25.1.jar","/Users/thinza/Library/Caches/Coursier/v1/https/repo1.maven.org/maven2/net/java/dev/jna/jna/5.14.0/jna-5.14.0.jar"],"bridgeJars":["/Users/thinza/Library/Caches/Coursier/v1/https/repo1.maven.org/maven2/org/scala-lang/scala3-sbt-bridge/3.4.2/scala3-sbt-bridge-3.4.2.jar"]},"java":{"options":["-Xplugin:semanticdb -sourceroot:/Users/thinza/Documents/Acd/Year2/FP/Labsheets/Practical10 -targetroot:javac-classes-directory","-J--add-exports","-Jjdk.compiler/com.sun.tools.javac.api=ALL-UNNAMED","-J--add-exports","-Jjdk.compiler/com.sun.tools.javac.code=ALL-UNNAMED","-J--add-exports","-Jjdk.compiler/com.sun.tools.javac.model=ALL-UNNAMED","-J--add-exports","-Jjdk.compiler/com.sun.tools.javac.tree=ALL-UNNAMED","-J--add-exports","-Jjdk.compiler/com.sun.tools.javac.util=ALL-UNNAMED"]},"platform":{"name":"jvm","config":{"home":"/Users/thinza/Library/Caches/Coursier/arc/https/github.com/adoptium/temurin17-binaries/releases/download/jdk-17%252B35/OpenJDK17-jdk_aarch64_mac_hotspot_17_35.tar.gz/jdk-17+35/Contents/Home","options":[]},"mainClass":[]},"resolution":{"modules":[{"organization":"org.scala-lang","name":"scala3-library_3","version":"3.4.2","artifacts":[{"name":"scala3-library_3","path":"/Users/thinza/Library/Caches/Coursier/v1/https/repo1.maven.org/maven2/org/scala-lang/scala3-library_3/3.4.2/scala3-library_3-3.4.2.jar"},{"name":"scala3-library_3","classifier":"sources","path":"/Users/thinza/Library/Caches/Coursier/v1/https/repo1.maven.org/maven2/org/scala-lang/scala3-library_3/3.4.2/scala3-library_3-3.4.2-sources.jar"}]},{"organization":"org.scala-lang","name":"scala-library","version":"2.13.12","artifacts":[{"name":"scala-library","path":"/Users/thinza/Library/Caches/Coursier/v1/https/repo1.maven.org/maven2/org/scala-lang/scala-library/2.13.12/scala-library-2.13.12.jar"},{"name":"scala-library","classifier":"sources","path":"/Users/thinza/Library/Caches/Coursier/v1/https/repo1.maven.org/maven2/org/scala-lang/scala-library/2.13.12/scala-library-2.13.12-sources.jar"}]}]},"tags":["library"]}}